,ghi_w_m2
2023-01-01 00:00:00,0.0
2023-01-01 01:00:00,0.0
2023-01-01 02:00:00,0.0
2023-01-01 03:00:00,0.0
2023-01-01 04:00:00,0.0
2023-01-01 05:00:00,11.68
2023-01-01 06:00:00,136.07
2023-01-01 07:00:00,310.15
2023-01-01 08:00:00,527.33
2023-01-01 09:00:00,593.42
2023-01-01 10:00:00,666.62
2023-01-01 11:00:00,713.78
2023-01-01 12:00:00,757.0
2023-01-01 13:00:00,777.6
2023-01-01 14:00:00,659.6
2023-01-01 15:00:00,534.62
2023-01-01 16:00:00,337.92
2023-01-01 17:00:00,134.8
2023-01-01 18:00:00,7.9
2023-01-01 19:00:00,0.0
2023-01-01 20:00:00,0.0
2023-01-01 21:00:00,0.0
2023-01-01 22:00:00,0.0
2023-01-01 23:00:00,0.0
2023-01-02 00:00:00,0.0
2023-01-02 01:00:00,0.0
2023-01-02 02:00:00,0.0
2023-01-02 03:00:00,0.0
2023-01-02 04:00:00,0.0
2023-01-02 05:00:00,9.18
2023-01-02 06:00:00,118.57
2023-01-02 07:00:00,251.73
2023-01-02 08:00:00,418.05
2023-01-02 09:00:00,570.97
2023-01-02 10:00:00,723.0
2023-01-02 11:00:00,756.9
2023-01-02 12:00:00,733.22
2023-01-02 13:00:00,568.17
2023-01-02 14:00:00,495.45
2023-01-02 15:00:00,342.23
2023-01-02 16:00:00,189.85
2023-01-02 17:00:00,75.15
2023-01-02 18:00:00,6.7
2023-01-02 19:00:00,0.0
2023-01-02 20:00:00,0.0
2023-01-02 21:00:00,0.0
2023-01-02 22:00:00,0.0
2023-01-02 23:00:00,0.0
2023-01-03 00:00:00,0.0
2023-01-03 01:00:00,0.0
2023-01-03 02:00:00,0.0
2023-01-03 03:00:00,0.0
2023-01-03 04:00:00,0.0
2023-01-03 05:00:00,8.75
2023-01-03 06:00:00,98.3
2023-01-03 07:00:00,243.0
2023-01-03 08:00:00,445.85
2023-01-03 09:00:00,560.53
2023-01-03 10:00:00,704.05
2023-01-03 11:00:00,698.45
2023-01-03 12:00:00,588.55
2023-01-03 13:00:00,326.15
2023-01-03 14:00:00,189.05
2023-01-03 15:00:00,308.7
2023-01-03 16:00:00,191.77
2023-01-03 17:00:00,82.15
2023-01-03 18:00:00,5.57
2023-01-03 19:00:00,0.0
2023-01-03 20:00:00,0.0
2023-01-03 21:00:00,0.0
2023-01-03 22:00:00,0.0
2023-01-03 23:00:00,0.0
2023-01-04 00:00:00,0.0
2023-01-04 01:00:00,0.0
2023-01-04 02:00:00,0.0
2023-01-04 03:00:00,0.0
2023-01-04 04:00:00,0.0
2023-01-04 05:00:00,10.32
2023-01-04 06:00:00,126.88
2023-01-04 07:00:00,307.27
2023-01-04 08:00:00,484.25
2023-01-04 09:00:00,668.9
2023-01-04 10:00:00,783.55
2023-01-04 11:00:00,882.2
2023-01-04 12:00:00,819.58
2023-01-04 13:00:00,847.78
2023-01-04 14:00:00,697.08
2023-01-04 15:00:00,522.35
2023-01-04 16:00:00,307.8
2023-01-04 17:00:00,121.95
2023-01-04 18:00:00,7.97
2023-01-04 19:00:00,0.0
2023-01-04 20:00:00,0.0
2023-01-04 21:00:00,0.0
2023-01-04 22:00:00,0.0
2023-01-04 23:00:00,0.0
2023-01-05 00:00:00,0.0
2023-01-05 01:00:00,0.0
2023-01-05 02:00:00,0.0
2023-01-05 03:00:00,0.0
2023-01-05 04:00:00,0.0
2023-01-05 05:00:00,12.48
2023-01-05 06:00:00,172.7
2023-01-05 07:00:00,403.35
2023-01-05 08:00:00,647.2
2023-01-05 09:00:00,785.88
2023-01-05 10:00:00,859.45
2023-01-05 11:00:00,801.75
2023-01-05 12:00:00,582.55
2023-01-05 13:00:00,140.62
2023-01-05 14:00:00,219.62
2023-01-05 15:00:00,310.88
2023-01-05 16:00:00,172.12
2023-01-05 17:00:00,68.1
2023-01-05 18:00:00,5.62
2023-01-05 19:00:00,0.0
2023-01-05 20:00:00,0.0
2023-01-05 21:00:00,0.0
2023-01-05 22:00:00,0.0
2023-01-05 23:00:00,0.0
2023-01-06 00:00:00,0.0
2023-01-06 01:00:00,0.0
2023-01-06 02:00:00,0.0
2023-01-06 03:00:00,0.0
2023-01-06 04:00:00,0.0
2023-01-06 05:00:00,7.1
2023-01-06 06:00:00,82.65
2023-01-06 07:00:00,222.68
2023-01-06 08:00:00,391.45
2023-01-06 09:00:00,514.38
2023-01-06 10:00:00,749.15
2023-01-06 11:00:00,804.92
2023-01-06 12:00:00,754.15
2023-01-06 13:00:00,387.5
2023-01-06 14:00:00,263.83
2023-01-06 15:00:00,215.98
2023-01-06 16:00:00,159.55
2023-01-06 17:00:00,57.47
2023-01-06 18:00:00,2.45
2023-01-06 19:00:00,0.0
2023-01-06 20:00:00,0.0
2023-01-06 21:00:00,0.0
2023-01-06 22:00:00,0.0
2023-01-06 23:00:00,0.0
2023-01-07 00:00:00,0.0
2023-01-07 01:00:00,0.0
2023-01-07 02:00:00,0.0
2023-01-07 03:00:00,0.0
2023-01-07 04:00:00,0.0
2023-01-07 05:00:00,3.17
2023-01-07 06:00:00,37.47
2023-01-07 07:00:00,112.47
2023-01-07 08:00:00,192.15
2023-01-07 09:00:00,286.73
2023-01-07 10:00:00,519.62
2023-01-07 11:00:00,637.17
2023-01-07 12:00:00,656.88
2023-01-07 13:00:00,631.9
2023-01-07 14:00:00,528.97
2023-01-07 15:00:00,365.62
2023-01-07 16:00:00,155.88
2023-01-07 17:00:00,66.57
2023-01-07 18:00:00,4.1
2023-01-07 19:00:00,0.0
2023-01-07 20:00:00,0.0
2023-01-07 21:00:00,0.0
2023-01-07 22:00:00,0.0
2023-01-07 23:00:00,0.0
2023-01-08 00:00:00,0.0
2023-01-08 01:00:00,0.0
2023-01-08 02:00:00,0.0
2023-01-08 03:00:00,0.0
2023-01-08 04:00:00,0.0
2023-01-08 05:00:00,5.3
2023-01-08 06:00:00,65.57
2023-01-08 07:00:00,175.15
2023-01-08 08:00:00,291.9
2023-01-08 09:00:00,394.4
2023-01-08 10:00:00,374.0
2023-01-08 11:00:00,385.38
2023-01-08 12:00:00,416.7
2023-01-08 13:00:00,399.2
2023-01-08 14:00:00,453.75
2023-01-08 15:00:00,300.7
2023-01-08 16:00:00,184.75
2023-01-08 17:00:00,68.5
2023-01-08 18:00:00,6.3
2023-01-08 19:00:00,0.0
2023-01-08 20:00:00,0.0
2023-01-08 21:00:00,0.0
2023-01-08 22:00:00,0.0
2023-01-08 23:00:00,0.0
2023-01-09 00:00:00,0.0
2023-01-09 01:00:00,0.0
2023-01-09 02:00:00,0.0
2023-01-09 03:00:00,0.0
2023-01-09 04:00:00,0.0
2023-01-09 05:00:00,6.93
2023-01-09 06:00:00,82.7
2023-01-09 07:00:00,206.8
2023-01-09 08:00:00,345.55
2023-01-09 09:00:00,487.1
2023-01-09 10:00:00,578.6
2023-01-09 11:00:00,711.88
2023-01-09 12:00:00,795.75
2023-01-09 13:00:00,735.25
2023-01-09 14:00:00,600.4
2023-01-09 15:00:00,442.65
2023-01-09 16:00:00,237.23
2023-01-09 17:00:00,99.1
2023-01-09 18:00:00,8.02
2023-01-09 19:00:00,0.0
2023-01-09 20:00:00,0.0
2023-01-09 21:00:00,0.0
2023-01-09 22:00:00,0.0
2023-01-09 23:00:00,0.0
2023-01-10 00:00:00,0.0
2023-01-10 01:00:00,0.0
2023-01-10 02:00:00,0.0
2023-01-10 03:00:00,0.0
2023-01-10 04:00:00,0.0
2023-01-10 05:00:00,7.35
2023-01-10 06:00:00,102.2
2023-01-10 07:00:00,250.82
2023-01-10 08:00:00,454.48
2023-01-10 09:00:00,610.47
2023-01-10 10:00:00,782.2
2023-01-10 11:00:00,834.72
2023-01-10 12:00:00,702.8
2023-01-10 13:00:00,738.28
2023-01-10 14:00:00,624.92
2023-01-10 15:00:00,552.28
2023-01-10 16:00:00,303.2
2023-01-10 17:00:00,118.32
2023-01-10 18:00:00,8.32
2023-01-10 19:00:00,0.0
2023-01-10 20:00:00,0.0
2023-01-10 21:00:00,0.0
2023-01-10 22:00:00,0.0
2023-01-10 23:00:00,0.0
2023-01-11 00:00:00,0.0
2023-01-11 01:00:00,0.0
2023-01-11 02:00:00,0.0
2023-01-11 03:00:00,0.0
2023-01-11 04:00:00,0.0
2023-01-11 05:00:00,6.62
2023-01-11 06:00:00,92.9
2023-01-11 07:00:00,222.12
2023-01-11 08:00:00,431.23
2023-01-11 09:00:00,610.05
2023-01-11 10:00:00,729.17
2023-01-11 11:00:00,832.15
2023-01-11 12:00:00,929.72
2023-01-11 13:00:00,798.83
2023-01-11 14:00:00,493.2
2023-01-11 15:00:00,331.85
2023-01-11 16:00:00,192.0
2023-01-11 17:00:00,78.2
2023-01-11 18:00:00,6.4
2023-01-11 19:00:00,0.0
2023-01-11 20:00:00,0.0
2023-01-11 21:00:00,0.0
2023-01-11 22:00:00,0.0
2023-01-11 23:00:00,0.0
2023-01-12 00:00:00,0.0
2023-01-12 01:00:00,0.0
2023-01-12 02:00:00,0.0
2023-01-12 03:00:00,0.0
2023-01-12 04:00:00,0.0
2023-01-12 05:00:00,8.52
2023-01-12 06:00:00,123.6
2023-01-12 07:00:00,288.55
2023-01-12 08:00:00,525.2
2023-01-12 09:00:00,711.6
2023-01-12 10:00:00,832.9
2023-01-12 11:00:00,896.78
2023-01-12 12:00:00,922.67
2023-01-12 13:00:00,863.85
2023-01-12 14:00:00,732.65
2023-01-12 15:00:00,551.15
2023-01-12 16:00:00,327.45
2023-01-12 17:00:00,132.15
2023-01-12 18:00:00,9.45
2023-01-12 19:00:00,0.0
2023-01-12 20:00:00,0.0
2023-01-12 21:00:00,0.0
2023-01-12 22:00:00,0.0
2023-01-12 23:00:00,0.0
2023-01-13 00:00:00,0.0
2023-01-13 01:00:00,0.0
2023-01-13 02:00:00,0.0
2023-01-13 03:00:00,0.0
2023-01-13 04:00:00,0.0
2023-01-13 05:00:00,7.62
2023-01-13 06:00:00,118.6
2023-01-13 07:00:00,297.85
2023-01-13 08:00:00,508.67
2023-01-13 09:00:00,707.6
2023-01-13 10:00:00,865.6
2023-01-13 11:00:00,972.67
2023-01-13 12:00:00,926.28
2023-01-13 13:00:00,793.47
2023-01-13 14:00:00,669.45
2023-01-13 15:00:00,461.48
2023-01-13 16:00:00,255.38
2023-01-13 17:00:00,105.4
2023-01-13 18:00:00,8.45
2023-01-13 19:00:00,0.0
2023-01-13 20:00:00,0.0
2023-01-13 21:00:00,0.0
2023-01-13 22:00:00,0.0
2023-01-13 23:00:00,0.0
2023-01-14 00:00:00,0.0
2023-01-14 01:00:00,0.0
2023-01-14 02:00:00,0.0
2023-01-14 03:00:00,0.0
2023-01-14 04:00:00,0.0
2023-01-14 05:00:00,5.47
2023-01-14 06:00:00,87.6
2023-01-14 07:00:00,240.8
2023-01-14 08:00:00,417.33
2023-01-14 09:00:00,659.9
2023-01-14 10:00:00,818.15
2023-01-14 11:00:00,882.28
2023-01-14 12:00:00,800.4
2023-01-14 13:00:00,758.92
2023-01-14 14:00:00,639.35
2023-01-14 15:00:00,443.67
2023-01-14 16:00:00,261.23
2023-01-14 17:00:00,106.03
2023-01-14 18:00:00,7.88
2023-01-14 19:00:00,0.0
2023-01-14 20:00:00,0.0
2023-01-14 21:00:00,0.0
2023-01-14 22:00:00,0.0
2023-01-14 23:00:00,0.0
2023-01-15 00:00:00,0.0
2023-01-15 01:00:00,0.0
2023-01-15 02:00:00,0.0
2023-01-15 03:00:00,0.0
2023-01-15 04:00:00,0.0
2023-01-15 05:00:00,7.18
2023-01-15 06:00:00,117.68
2023-01-15 07:00:00,307.05
2023-01-15 08:00:00,512.97
2023-01-15 09:00:00,659.4
2023-01-15 10:00:00,797.58
2023-01-15 11:00:00,844.95
2023-01-15 12:00:00,910.03
2023-01-15 13:00:00,884.28
2023-01-15 14:00:00,782.67
2023-01-15 15:00:00,589.08
2023-01-15 16:00:00,354.98
2023-01-15 17:00:00,148.55
2023-01-15 18:00:00,10.38
2023-01-15 19:00:00,0.0
2023-01-15 20:00:00,0.0
2023-01-15 21:00:00,0.0
2023-01-15 22:00:00,0.0
2023-01-15 23:00:00,0.0
2023-01-16 00:00:00,0.0
2023-01-16 01:00:00,0.0
2023-01-16 02:00:00,0.0
2023-01-16 03:00:00,0.0
2023-01-16 04:00:00,0.0
2023-01-16 05:00:00,5.53
2023-01-16 06:00:00,102.0
2023-01-16 07:00:00,267.08
2023-01-16 08:00:00,438.2
2023-01-16 09:00:00,550.15
2023-01-16 10:00:00,714.62
2023-01-16 11:00:00,829.12
2023-01-16 12:00:00,879.95
2023-01-16 13:00:00,720.65
2023-01-16 14:00:00,480.08
2023-01-16 15:00:00,430.02
2023-01-16 16:00:00,242.68
2023-01-16 17:00:00,102.32
2023-01-16 18:00:00,7.88
2023-01-16 19:00:00,0.0
2023-01-16 20:00:00,0.0
2023-01-16 21:00:00,0.0
2023-01-16 22:00:00,0.0
2023-01-16 23:00:00,0.0
2023-01-17 00:00:00,0.0
2023-01-17 01:00:00,0.0
2023-01-17 02:00:00,0.0
2023-01-17 03:00:00,0.0
2023-01-17 04:00:00,0.0
2023-01-17 05:00:00,4.5
2023-01-17 06:00:00,57.85
2023-01-17 07:00:00,162.43
2023-01-17 08:00:00,264.7
2023-01-17 09:00:00,367.5
2023-01-17 10:00:00,517.4
2023-01-17 11:00:00,640.83
2023-01-17 12:00:00,664.6
2023-01-17 13:00:00,297.12
2023-01-17 14:00:00,348.7
2023-01-17 15:00:00,374.45
2023-01-17 16:00:00,271.33
2023-01-17 17:00:00,107.5
2023-01-17 18:00:00,9.43
2023-01-17 19:00:00,0.0
2023-01-17 20:00:00,0.0
2023-01-17 21:00:00,0.0
2023-01-17 22:00:00,0.0
2023-01-17 23:00:00,0.0
2023-01-18 00:00:00,0.0
2023-01-18 01:00:00,0.0
2023-01-18 02:00:00,0.0
2023-01-18 03:00:00,0.0
2023-01-18 04:00:00,0.0
2023-01-18 05:00:00,4.95
2023-01-18 06:00:00,74.25
2023-01-18 07:00:00,207.1
2023-01-18 08:00:00,357.0
2023-01-18 09:00:00,474.85
2023-01-18 10:00:00,540.4
2023-01-18 11:00:00,659.25
2023-01-18 12:00:00,710.4
2023-01-18 13:00:00,492.1
2023-01-18 14:00:00,397.73
2023-01-18 15:00:00,250.12
2023-01-18 16:00:00,166.4
2023-01-18 17:00:00,62.2
2023-01-18 18:00:00,5.28
2023-01-18 19:00:00,0.0
2023-01-18 20:00:00,0.0
2023-01-18 21:00:00,0.0
2023-01-18 22:00:00,0.0
2023-01-18 23:00:00,0.0
2023-01-19 00:00:00,0.0
2023-01-19 01:00:00,0.0
2023-01-19 02:00:00,0.0
2023-01-19 03:00:00,0.0
2023-01-19 04:00:00,0.0
2023-01-19 05:00:00,3.72
2023-01-19 06:00:00,54.05
2023-01-19 07:00:00,150.5
2023-01-19 08:00:00,241.2
2023-01-19 09:00:00,437.9
2023-01-19 10:00:00,600.9
2023-01-19 11:00:00,663.33
2023-01-19 12:00:00,642.3
2023-01-19 13:00:00,799.33
2023-01-19 14:00:00,709.38
2023-01-19 15:00:00,546.9
2023-01-19 16:00:00,329.4
2023-01-19 17:00:00,136.32
2023-01-19 18:00:00,10.5
2023-01-19 19:00:00,0.0
2023-01-19 20:00:00,0.0
2023-01-19 21:00:00,0.0
2023-01-19 22:00:00,0.0
2023-01-19 23:00:00,0.0
2023-01-20 00:00:00,0.0
2023-01-20 01:00:00,0.0
2023-01-20 02:00:00,0.0
2023-01-20 03:00:00,0.0
2023-01-20 04:00:00,0.0
2023-01-20 05:00:00,3.45
2023-01-20 06:00:00,66.2
2023-01-20 07:00:00,197.57
2023-01-20 08:00:00,348.2
2023-01-20 09:00:00,549.7
2023-01-20 10:00:00,703.17
2023-01-20 11:00:00,799.5
2023-01-20 12:00:00,785.0
2023-01-20 13:00:00,685.9
2023-01-20 14:00:00,517.45
2023-01-20 15:00:00,338.23
2023-01-20 16:00:00,230.75
2023-01-20 17:00:00,65.53
2023-01-20 18:00:00,7.28
2023-01-20 19:00:00,0.0
2023-01-20 20:00:00,0.0
2023-01-20 21:00:00,0.0
2023-01-20 22:00:00,0.0
2023-01-20 23:00:00,0.0
2023-01-21 00:00:00,0.0
2023-01-21 01:00:00,0.0
2023-01-21 02:00:00,0.0
2023-01-21 03:00:00,0.0
2023-01-21 04:00:00,0.0
2023-01-21 05:00:00,3.7
2023-01-21 06:00:00,64.28
2023-01-21 07:00:00,184.85
2023-01-21 08:00:00,321.12
2023-01-21 09:00:00,459.7
2023-01-21 10:00:00,627.75
2023-01-21 11:00:00,491.05
2023-01-21 12:00:00,647.25
2023-01-21 13:00:00,629.38
2023-01-21 14:00:00,479.58
2023-01-21 15:00:00,417.25
2023-01-21 16:00:00,293.17
2023-01-21 17:00:00,114.88
2023-01-21 18:00:00,8.15
2023-01-21 19:00:00,0.0
2023-01-21 20:00:00,0.0
2023-01-21 21:00:00,0.0
2023-01-21 22:00:00,0.0
2023-01-21 23:00:00,0.0
2023-01-22 00:00:00,0.0
2023-01-22 01:00:00,0.0
2023-01-22 02:00:00,0.0
2023-01-22 03:00:00,0.0
2023-01-22 04:00:00,0.0
2023-01-22 05:00:00,3.95
2023-01-22 06:00:00,73.5
2023-01-22 07:00:00,212.48
2023-01-22 08:00:00,395.83
2023-01-22 09:00:00,623.75
2023-01-22 10:00:00,733.58
2023-01-22 11:00:00,693.0
2023-01-22 12:00:00,604.15
2023-01-22 13:00:00,363.3
2023-01-22 14:00:00,377.0
2023-01-22 15:00:00,181.75
2023-01-22 16:00:00,134.25
2023-01-22 17:00:00,62.78
2023-01-22 18:00:00,6.93
2023-01-22 19:00:00,0.0
2023-01-22 20:00:00,0.0
2023-01-22 21:00:00,0.0
2023-01-22 22:00:00,0.0
2023-01-22 23:00:00,0.0
2023-01-23 00:00:00,0.0
2023-01-23 01:00:00,0.0
2023-01-23 02:00:00,0.0
2023-01-23 03:00:00,0.0
2023-01-23 04:00:00,0.0
2023-01-23 05:00:00,2.83
2023-01-23 06:00:00,53.33
2023-01-23 07:00:00,176.82
2023-01-23 08:00:00,303.5
2023-01-23 09:00:00,491.35
2023-01-23 10:00:00,565.28
2023-01-23 11:00:00,562.53
2023-01-23 12:00:00,529.25
2023-01-23 13:00:00,143.52
2023-01-23 14:00:00,115.4
2023-01-23 15:00:00,106.47
2023-01-23 16:00:00,181.27
2023-01-23 17:00:00,77.18
2023-01-23 18:00:00,7.2
2023-01-23 19:00:00,0.0
2023-01-23 20:00:00,0.0
2023-01-23 21:00:00,0.0
2023-01-23 22:00:00,0.0
2023-01-23 23:00:00,0.0
2023-01-24 00:00:00,0.0
2023-01-24 01:00:00,0.0
2023-01-24 02:00:00,0.0
2023-01-24 03:00:00,0.0
2023-01-24 04:00:00,0.0
2023-01-24 05:00:00,2.65
2023-01-24 06:00:00,56.55
2023-01-24 07:00:00,177.45
2023-01-24 08:00:00,329.88
2023-01-24 09:00:00,444.45
2023-01-24 10:00:00,610.03
2023-01-24 11:00:00,672.65
2023-01-24 12:00:00,680.08
2023-01-24 13:00:00,588.17
2023-01-24 14:00:00,556.5
2023-01-24 15:00:00,425.17
2023-01-24 16:00:00,254.12
2023-01-24 17:00:00,102.55
2023-01-24 18:00:00,8.77
2023-01-24 19:00:00,0.0
2023-01-24 20:00:00,0.0
2023-01-24 21:00:00,0.0
2023-01-24 22:00:00,0.0
2023-01-24 23:00:00,0.0
2023-01-25 00:00:00,0.0
2023-01-25 01:00:00,0.0
2023-01-25 02:00:00,0.0
2023-01-25 03:00:00,0.0
2023-01-25 04:00:00,0.0
2023-01-25 05:00:00,2.3
2023-01-25 06:00:00,42.2
2023-01-25 07:00:00,126.93
2023-01-25 08:00:00,216.62
2023-01-25 09:00:00,304.7
2023-01-25 10:00:00,324.73
2023-01-25 11:00:00,388.0
2023-01-25 12:00:00,350.2
2023-01-25 13:00:00,254.18
2023-01-25 14:00:00,162.8
2023-01-25 15:00:00,120.05
2023-01-25 16:00:00,70.62
2023-01-25 17:00:00,31.8
2023-01-25 18:00:00,3.2
2023-01-25 19:00:00,0.0
2023-01-25 20:00:00,0.0
2023-01-25 21:00:00,0.0
2023-01-25 22:00:00,0.0
2023-01-25 23:00:00,0.0
2023-01-26 00:00:00,0.0
2023-01-26 01:00:00,0.0
2023-01-26 02:00:00,0.0
2023-01-26 03:00:00,0.0
2023-01-26 04:00:00,0.0
2023-01-26 05:00:00,2.4
2023-01-26 06:00:00,46.95
2023-01-26 07:00:00,148.05
2023-01-26 08:00:00,245.15
2023-01-26 09:00:00,426.3
2023-01-26 10:00:00,571.53
2023-01-26 11:00:00,740.88
2023-01-26 12:00:00,874.28
2023-01-26 13:00:00,802.92
2023-01-26 14:00:00,655.78
2023-01-26 15:00:00,486.75
2023-01-26 16:00:00,259.27
2023-01-26 17:00:00,113.7
2023-01-26 18:00:00,9.15
2023-01-26 19:00:00,0.0
2023-01-26 20:00:00,0.0
2023-01-26 21:00:00,0.0
2023-01-26 22:00:00,0.0
2023-01-26 23:00:00,0.0
2023-01-27 00:00:00,0.0
2023-01-27 01:00:00,0.0
2023-01-27 02:00:00,0.0
2023-01-27 03:00:00,0.0
2023-01-27 04:00:00,0.0
2023-01-27 05:00:00,3.47
2023-01-27 06:00:00,126.45
2023-01-27 07:00:00,359.95
2023-01-27 08:00:00,612.97
2023-01-27 09:00:00,834.65
2023-01-27 10:00:00,918.3
2023-01-27 11:00:00,743.67
2023-01-27 12:00:00,584.67
2023-01-27 13:00:00,606.05
2023-01-27 14:00:00,540.47
2023-01-27 15:00:00,478.23
2023-01-27 16:00:00,297.6
2023-01-27 17:00:00,135.9
2023-01-27 18:00:00,11.4
2023-01-27 19:00:00,0.0
2023-01-27 20:00:00,0.0
2023-01-27 21:00:00,0.0
2023-01-27 22:00:00,0.0
2023-01-27 23:00:00,0.0
2023-01-28 00:00:00,0.0
2023-01-28 01:00:00,0.0
2023-01-28 02:00:00,0.0
2023-01-28 03:00:00,0.0
2023-01-28 04:00:00,0.0
2023-01-28 05:00:00,0.0
2023-01-28 06:00:00,118.85
2023-01-28 07:00:00,288.88
2023-01-28 08:00:00,490.7
2023-01-28 09:00:00,647.5
2023-01-28 10:00:00,873.5
2023-01-28 11:00:00,1008.08
2023-01-28 12:00:00,1027.35
2023-01-28 13:00:00,895.85
2023-01-28 14:00:00,737.33
2023-01-28 15:00:00,559.65
2023-01-28 16:00:00,351.12
2023-01-28 17:00:00,147.25
2023-01-28 18:00:00,10.32
2023-01-28 19:00:00,0.0
2023-01-28 20:00:00,0.0
2023-01-28 21:00:00,0.0
2023-01-28 22:00:00,0.0
2023-01-28 23:00:00,0.0
2023-01-29 00:00:00,0.0
2023-01-29 01:00:00,0.0
2023-01-29 02:00:00,0.0
2023-01-29 03:00:00,0.0
2023-01-29 04:00:00,0.0
2023-01-29 05:00:00,0.0
2023-01-29 06:00:00,135.8
2023-01-29 07:00:00,364.08
2023-01-29 08:00:00,610.03
2023-01-29 09:00:00,812.75
2023-01-29 10:00:00,959.1
2023-01-29 11:00:00,1057.32
2023-01-29 12:00:00,1064.22
2023-01-29 13:00:00,906.5
2023-01-29 14:00:00,787.17
2023-01-29 15:00:00,590.0
2023-01-29 16:00:00,325.15
2023-01-29 17:00:00,132.98
2023-01-29 18:00:00,9.9
2023-01-29 19:00:00,0.0
2023-01-29 20:00:00,0.0
2023-01-29 21:00:00,0.0
2023-01-29 22:00:00,0.0
2023-01-29 23:00:00,0.0
2023-01-30 00:00:00,0.0
2023-01-30 01:00:00,0.0
2023-01-30 02:00:00,0.0
2023-01-30 03:00:00,0.0
2023-01-30 04:00:00,0.0
2023-01-30 05:00:00,0.0
2023-01-30 06:00:00,114.75
2023-01-30 07:00:00,317.17
2023-01-30 08:00:00,550.2
2023-01-30 09:00:00,672.25
2023-01-30 10:00:00,854.33
2023-01-30 11:00:00,937.58
2023-01-30 12:00:00,974.38
2023-01-30 13:00:00,864.0
2023-01-30 14:00:00,765.97
2023-01-30 15:00:00,578.7
2023-01-30 16:00:00,368.58
2023-01-30 17:00:00,157.9
2023-01-30 18:00:00,11.02
2023-01-30 19:00:00,0.0
2023-01-30 20:00:00,0.0
2023-01-30 21:00:00,0.0
2023-01-30 22:00:00,0.0
2023-01-30 23:00:00,0.0
2023-01-31 00:00:00,0.0
2023-01-31 01:00:00,0.0
2023-01-31 02:00:00,0.0
2023-01-31 03:00:00,0.0
2023-01-31 04:00:00,0.0
2023-01-31 05:00:00,0.0
2023-01-31 06:00:00,83.7
2023-01-31 07:00:00,219.27
2023-01-31 08:00:00,434.95
2023-01-31 09:00:00,592.8
2023-01-31 10:00:00,721.15
2023-01-31 11:00:00,804.28
2023-01-31 12:00:00,932.25
2023-01-31 13:00:00,873.25
2023-01-31 14:00:00,743.95
2023-01-31 15:00:00,545.85
2023-01-31 16:00:00,347.9
2023-01-31 17:00:00,148.62
2023-01-31 18:00:00,10.4
2023-01-31 19:00:00,0.0
2023-01-31 20:00:00,0.0
2023-01-31 21:00:00,0.0
2023-01-31 22:00:00,0.0
2023-01-31 23:00:00,0.0
2023-02-01 00:00:00,0.0
2023-02-01 01:00:00,0.0
2023-02-01 02:00:00,0.0
2023-02-01 03:00:00,0.0
2023-02-01 04:00:00,0.0
2023-02-01 05:00:00,0.0
2023-02-01 06:00:00,74.55
2023-02-01 07:00:00,217.95
2023-02-01 08:00:00,413.55
2023-02-01 09:00:00,642.35
2023-02-01 10:00:00,827.45
2023-02-01 11:00:00,918.58
2023-02-01 12:00:00,966.78
2023-02-01 13:00:00,889.45
2023-02-01 14:00:00,787.25
2023-02-01 15:00:00,590.72
2023-02-01 16:00:00,360.33
2023-02-01 17:00:00,155.32
2023-02-01 18:00:00,10.45
2023-02-01 19:00:00,0.0
2023-02-01 20:00:00,0.0
2023-02-01 21:00:00,0.0
2023-02-01 22:00:00,0.0
2023-02-01 23:00:00,0.0
2023-02-02 00:00:00,0.0
2023-02-02 01:00:00,0.0
2023-02-02 02:00:00,0.0
2023-02-02 03:00:00,0.0
2023-02-02 04:00:00,0.0
2023-02-02 05:00:00,0.0
2023-02-02 06:00:00,92.9
2023-02-02 07:00:00,208.38
2023-02-02 08:00:00,356.6
2023-02-02 09:00:00,489.12
2023-02-02 10:00:00,546.55
2023-02-02 11:00:00,788.33
2023-02-02 12:00:00,936.22
2023-02-02 13:00:00,925.55
2023-02-02 14:00:00,791.0
2023-02-02 15:00:00,617.08
2023-02-02 16:00:00,365.8
2023-02-02 17:00:00,155.23
2023-02-02 18:00:00,9.12
2023-02-02 19:00:00,0.0
2023-02-02 20:00:00,0.0
2023-02-02 21:00:00,0.0
2023-02-02 22:00:00,0.0
2023-02-02 23:00:00,0.0
2023-02-03 00:00:00,0.0
2023-02-03 01:00:00,0.0
2023-02-03 02:00:00,0.0
2023-02-03 03:00:00,0.0
2023-02-03 04:00:00,0.0
2023-02-03 05:00:00,0.0
2023-02-03 06:00:00,78.28
2023-02-03 07:00:00,223.07
2023-02-03 08:00:00,421.65
2023-02-03 09:00:00,591.72
2023-02-03 10:00:00,809.3
2023-02-03 11:00:00,965.8
2023-02-03 12:00:00,968.33
2023-02-03 13:00:00,819.9
2023-02-03 14:00:00,719.4
2023-02-03 15:00:00,453.4
2023-02-03 16:00:00,239.07
2023-02-03 17:00:00,110.85
2023-02-03 18:00:00,7.8
2023-02-03 19:00:00,0.0
2023-02-03 20:00:00,0.0
2023-02-03 21:00:00,0.0
2023-02-03 22:00:00,0.0
2023-02-03 23:00:00,0.0
2023-02-04 00:00:00,0.0
2023-02-04 01:00:00,0.0
2023-02-04 02:00:00,0.0
2023-02-04 03:00:00,0.0
2023-02-04 04:00:00,0.0
2023-02-04 05:00:00,0.0
2023-02-04 06:00:00,65.7
2023-02-04 07:00:00,203.07
2023-02-04 08:00:00,386.12
2023-02-04 09:00:00,527.5
2023-02-04 10:00:00,769.65
2023-02-04 11:00:00,973.58
2023-02-04 12:00:00,880.35
2023-02-04 13:00:00,761.08
2023-02-04 14:00:00,638.9
2023-02-04 15:00:00,319.42
2023-02-04 16:00:00,143.55
2023-02-04 17:00:00,63.4
2023-02-04 18:00:00,4.6
2023-02-04 19:00:00,0.0
2023-02-04 20:00:00,0.0
2023-02-04 21:00:00,0.0
2023-02-04 22:00:00,0.0
2023-02-04 23:00:00,0.0
2023-02-05 00:00:00,0.0
2023-02-05 01:00:00,0.0
2023-02-05 02:00:00,0.0
2023-02-05 03:00:00,0.0
2023-02-05 04:00:00,0.0
2023-02-05 05:00:00,0.0
2023-02-05 06:00:00,54.75
2023-02-05 07:00:00,195.35
2023-02-05 08:00:00,381.25
2023-02-05 09:00:00,537.22
2023-02-05 10:00:00,677.35
2023-02-05 11:00:00,696.3
2023-02-05 12:00:00,791.67
2023-02-05 13:00:00,793.05
2023-02-05 14:00:00,539.9
2023-02-05 15:00:00,359.12
2023-02-05 16:00:00,82.68
2023-02-05 17:00:00,41.1
2023-02-05 18:00:00,3.88
2023-02-05 19:00:00,0.0
2023-02-05 20:00:00,0.0
2023-02-05 21:00:00,0.0
2023-02-05 22:00:00,0.0
2023-02-05 23:00:00,0.0
2023-02-06 00:00:00,0.0
2023-02-06 01:00:00,0.0
2023-02-06 02:00:00,0.0
2023-02-06 03:00:00,0.0
2023-02-06 04:00:00,0.0
2023-02-06 05:00:00,0.0
2023-02-06 06:00:00,92.65
2023-02-06 07:00:00,246.6
2023-02-06 08:00:00,460.6
2023-02-06 09:00:00,681.53
2023-02-06 10:00:00,702.67
2023-02-06 11:00:00,773.25
2023-02-06 12:00:00,670.67
2023-02-06 13:00:00,740.72
2023-02-06 14:00:00,708.05
2023-02-06 15:00:00,490.98
2023-02-06 16:00:00,321.83
2023-02-06 17:00:00,137.8
2023-02-06 18:00:00,8.5
2023-02-06 19:00:00,0.0
2023-02-06 20:00:00,0.0
2023-02-06 21:00:00,0.0
2023-02-06 22:00:00,0.0
2023-02-06 23:00:00,0.0
2023-02-07 00:00:00,0.0
2023-02-07 01:00:00,0.0
2023-02-07 02:00:00,0.0
2023-02-07 03:00:00,0.0
2023-02-07 04:00:00,0.0
2023-02-07 05:00:00,0.0
2023-02-07 06:00:00,103.03
2023-02-07 07:00:00,300.62
2023-02-07 08:00:00,538.53
2023-02-07 09:00:00,746.85
2023-02-07 10:00:00,931.1
2023-02-07 11:00:00,1024.1
2023-02-07 12:00:00,976.72
2023-02-07 13:00:00,807.8
2023-02-07 14:00:00,711.12
2023-02-07 15:00:00,564.7
2023-02-07 16:00:00,347.85
2023-02-07 17:00:00,157.25
2023-02-07 18:00:00,9.27
2023-02-07 19:00:00,0.0
2023-02-07 20:00:00,0.0
2023-02-07 21:00:00,0.0
2023-02-07 22:00:00,0.0
2023-02-07 23:00:00,0.0
2023-02-08 00:00:00,0.0
2023-02-08 01:00:00,0.0
2023-02-08 02:00:00,0.0
2023-02-08 03:00:00,0.0
2023-02-08 04:00:00,0.0
2023-02-08 05:00:00,0.0
2023-02-08 06:00:00,100.97
2023-02-08 07:00:00,290.95
2023-02-08 08:00:00,540.05
2023-02-08 09:00:00,772.45
2023-02-08 10:00:00,882.92
2023-02-08 11:00:00,996.17
2023-02-08 12:00:00,933.28
2023-02-08 13:00:00,855.3
2023-02-08 14:00:00,732.03
2023-02-08 15:00:00,580.62
2023-02-08 16:00:00,356.77
2023-02-08 17:00:00,157.7
2023-02-08 18:00:00,8.95
2023-02-08 19:00:00,0.0
2023-02-08 20:00:00,0.0
2023-02-08 21:00:00,0.0
2023-02-08 22:00:00,0.0
2023-02-08 23:00:00,0.0
2023-02-09 00:00:00,0.0
2023-02-09 01:00:00,0.0
2023-02-09 02:00:00,0.0
2023-02-09 03:00:00,0.0
2023-02-09 04:00:00,0.0
2023-02-09 05:00:00,0.0
2023-02-09 06:00:00,95.97
2023-02-09 07:00:00,245.98
2023-02-09 08:00:00,418.5
2023-02-09 09:00:00,696.8
2023-02-09 10:00:00,832.97
2023-02-09 11:00:00,884.62
2023-02-09 12:00:00,795.95
2023-02-09 13:00:00,789.72
2023-02-09 14:00:00,645.3
2023-02-09 15:00:00,488.62
2023-02-09 16:00:00,268.12
2023-02-09 17:00:00,117.93
2023-02-09 18:00:00,7.78
2023-02-09 19:00:00,0.0
2023-02-09 20:00:00,0.0
2023-02-09 21:00:00,0.0
2023-02-09 22:00:00,0.0
2023-02-09 23:00:00,0.0
2023-02-10 00:00:00,0.0
2023-02-10 01:00:00,0.0
2023-02-10 02:00:00,0.0
2023-02-10 03:00:00,0.0
2023-02-10 04:00:00,0.0
2023-02-10 05:00:00,0.0
2023-02-10 06:00:00,56.1
2023-02-10 07:00:00,196.43
2023-02-10 08:00:00,391.7
2023-02-10 09:00:00,607.22
2023-02-10 10:00:00,793.8
2023-02-10 11:00:00,823.85
2023-02-10 12:00:00,901.45
2023-02-10 13:00:00,815.22
2023-02-10 14:00:00,706.62
2023-02-10 15:00:00,413.65
2023-02-10 16:00:00,269.2
2023-02-10 17:00:00,102.93
2023-02-10 18:00:00,5.9
2023-02-10 19:00:00,0.0
2023-02-10 20:00:00,0.0
2023-02-10 21:00:00,0.0
2023-02-10 22:00:00,0.0
2023-02-10 23:00:00,0.0
2023-02-11 00:00:00,0.0
2023-02-11 01:00:00,0.0
2023-02-11 02:00:00,0.0
2023-02-11 03:00:00,0.0
2023-02-11 04:00:00,0.0
2023-02-11 05:00:00,0.0
2023-02-11 06:00:00,79.35
2023-02-11 07:00:00,253.02
2023-02-11 08:00:00,458.85
2023-02-11 09:00:00,676.03
2023-02-11 10:00:00,846.35
2023-02-11 11:00:00,1003.7
2023-02-11 12:00:00,892.08
2023-02-11 13:00:00,816.17
2023-02-11 14:00:00,693.6
2023-02-11 15:00:00,455.85
2023-02-11 16:00:00,256.73
2023-02-11 17:00:00,108.35
2023-02-11 18:00:00,6.12
2023-02-11 19:00:00,0.0
2023-02-11 20:00:00,0.0
2023-02-11 21:00:00,0.0
2023-02-11 22:00:00,0.0
2023-02-11 23:00:00,0.0
2023-02-12 00:00:00,0.0
2023-02-12 01:00:00,0.0
2023-02-12 02:00:00,0.0
2023-02-12 03:00:00,0.0
2023-02-12 04:00:00,0.0
2023-02-12 05:00:00,0.0
2023-02-12 06:00:00,54.4
2023-02-12 07:00:00,205.07
2023-02-12 08:00:00,394.73
2023-02-12 09:00:00,498.4
2023-02-12 10:00:00,535.7
2023-02-12 11:00:00,634.42
2023-02-12 12:00:00,700.47
2023-02-12 13:00:00,503.85
2023-02-12 14:00:00,238.05
2023-02-12 15:00:00,343.08
2023-02-12 16:00:00,208.85
2023-02-12 17:00:00,84.65
2023-02-12 18:00:00,4.78
2023-02-12 19:00:00,0.0
2023-02-12 20:00:00,0.0
2023-02-12 21:00:00,0.0
2023-02-12 22:00:00,0.0
2023-02-12 23:00:00,0.0
2023-02-13 00:00:00,0.0
2023-02-13 01:00:00,0.0
2023-02-13 02:00:00,0.0
2023-02-13 03:00:00,0.0
2023-02-13 04:00:00,0.0
2023-02-13 05:00:00,0.0
2023-02-13 06:00:00,34.1
2023-02-13 07:00:00,123.05
2023-02-13 08:00:00,243.5
2023-02-13 09:00:00,372.92
2023-02-13 10:00:00,624.7
2023-02-13 11:00:00,801.92
2023-02-13 12:00:00,760.05
2023-02-13 13:00:00,594.8
2023-02-13 14:00:00,554.25
2023-02-13 15:00:00,211.45
2023-02-13 16:00:00,116.55
2023-02-13 17:00:00,50.33
2023-02-13 18:00:00,3.88
2023-02-13 19:00:00,0.0
2023-02-13 20:00:00,0.0
2023-02-13 21:00:00,0.0
2023-02-13 22:00:00,0.0
2023-02-13 23:00:00,0.0
2023-02-14 00:00:00,0.0
2023-02-14 01:00:00,0.0
2023-02-14 02:00:00,0.0
2023-02-14 03:00:00,0.0
2023-02-14 04:00:00,0.0
2023-02-14 05:00:00,0.0
2023-02-14 06:00:00,54.15
2023-02-14 07:00:00,179.0
2023-02-14 08:00:00,347.1
2023-02-14 09:00:00,521.83
2023-02-14 10:00:00,713.9
2023-02-14 11:00:00,705.67
2023-02-14 12:00:00,423.45
2023-02-14 13:00:00,282.77
2023-02-14 14:00:00,166.4
2023-02-14 15:00:00,216.3
2023-02-14 16:00:00,226.25
2023-02-14 17:00:00,97.93
2023-02-14 18:00:00,5.53
2023-02-14 19:00:00,0.0
2023-02-14 20:00:00,0.0
2023-02-14 21:00:00,0.0
2023-02-14 22:00:00,0.0
2023-02-14 23:00:00,0.0
2023-02-15 00:00:00,0.0
2023-02-15 01:00:00,0.0
2023-02-15 02:00:00,0.0
2023-02-15 03:00:00,0.0
2023-02-15 04:00:00,0.0
2023-02-15 05:00:00,0.0
2023-02-15 06:00:00,39.22
2023-02-15 07:00:00,140.45
2023-02-15 08:00:00,265.5
2023-02-15 09:00:00,413.8
2023-02-15 10:00:00,443.88
2023-02-15 11:00:00,545.15
2023-02-15 12:00:00,438.35
2023-02-15 13:00:00,569.85
2023-02-15 14:00:00,586.65
2023-02-15 15:00:00,477.42
2023-02-15 16:00:00,309.23
2023-02-15 17:00:00,114.38
2023-02-15 18:00:00,6.35
2023-02-15 19:00:00,0.0
2023-02-15 20:00:00,0.0
2023-02-15 21:00:00,0.0
2023-02-15 22:00:00,0.0
2023-02-15 23:00:00,0.0
2023-02-16 00:00:00,0.0
2023-02-16 01:00:00,0.0
2023-02-16 02:00:00,0.0
2023-02-16 03:00:00,0.0
2023-02-16 04:00:00,0.0
2023-02-16 05:00:00,0.0
2023-02-16 06:00:00,40.62
2023-02-16 07:00:00,150.05
2023-02-16 08:00:00,271.02
2023-02-16 09:00:00,353.35
2023-02-16 10:00:00,425.08
2023-02-16 11:00:00,492.05
2023-02-16 12:00:00,684.0
2023-02-16 13:00:00,824.45
2023-02-16 14:00:00,654.15
2023-02-16 15:00:00,457.65
2023-02-16 16:00:00,281.62
2023-02-16 17:00:00,123.28
2023-02-16 18:00:00,6.32
2023-02-16 19:00:00,0.0
2023-02-16 20:00:00,0.0
2023-02-16 21:00:00,0.0
2023-02-16 22:00:00,0.0
2023-02-16 23:00:00,0.0
2023-02-17 00:00:00,0.0
2023-02-17 01:00:00,0.0
2023-02-17 02:00:00,0.0
2023-02-17 03:00:00,0.0
2023-02-17 04:00:00,0.0
2023-02-17 05:00:00,0.0
2023-02-17 06:00:00,57.47
2023-02-17 07:00:00,188.88
2023-02-17 08:00:00,350.42
2023-02-17 09:00:00,483.02
2023-02-17 10:00:00,630.75
2023-02-17 11:00:00,662.6
2023-02-17 12:00:00,697.08
2023-02-17 13:00:00,654.17
2023-02-17 14:00:00,585.8
2023-02-17 15:00:00,432.65
2023-02-17 16:00:00,287.17
2023-02-17 17:00:00,109.0
2023-02-17 18:00:00,5.55
2023-02-17 19:00:00,0.0
2023-02-17 20:00:00,0.0
2023-02-17 21:00:00,0.0
2023-02-17 22:00:00,0.0
2023-02-17 23:00:00,0.0
2023-02-18 00:00:00,0.0
2023-02-18 01:00:00,0.0
2023-02-18 02:00:00,0.0
2023-02-18 03:00:00,0.0
2023-02-18 04:00:00,0.0
2023-02-18 05:00:00,0.0
2023-02-18 06:00:00,40.1
2023-02-18 07:00:00,122.3
2023-02-18 08:00:00,203.88
2023-02-18 09:00:00,270.65
2023-02-18 10:00:00,431.65
2023-02-18 11:00:00,512.97
2023-02-18 12:00:00,594.38
2023-02-18 13:00:00,708.95
2023-02-18 14:00:00,604.83
2023-02-18 15:00:00,402.52
2023-02-18 16:00:00,228.2
2023-02-18 17:00:00,75.75
2023-02-18 18:00:00,3.97
2023-02-18 19:00:00,0.0
2023-02-18 20:00:00,0.0
2023-02-18 21:00:00,0.0
2023-02-18 22:00:00,0.0
2023-02-18 23:00:00,0.0
2023-02-19 00:00:00,0.0
2023-02-19 01:00:00,0.0
2023-02-19 02:00:00,0.0
2023-02-19 03:00:00,0.0
2023-02-19 04:00:00,0.0
2023-02-19 05:00:00,0.0
2023-02-19 06:00:00,54.25
2023-02-19 07:00:00,202.57
2023-02-19 08:00:00,377.0
2023-02-19 09:00:00,650.12
2023-02-19 10:00:00,725.22
2023-02-19 11:00:00,804.67
2023-02-19 12:00:00,842.22
2023-02-19 13:00:00,736.2
2023-02-19 14:00:00,640.1
2023-02-19 15:00:00,473.15
2023-02-19 16:00:00,310.88
2023-02-19 17:00:00,124.32
2023-02-19 18:00:00,5.3
2023-02-19 19:00:00,0.0
2023-02-19 20:00:00,0.0
2023-02-19 21:00:00,0.0
2023-02-19 22:00:00,0.0
2023-02-19 23:00:00,0.0
2023-02-20 00:00:00,0.0
2023-02-20 01:00:00,0.0
2023-02-20 02:00:00,0.0
2023-02-20 03:00:00,0.0
2023-02-20 04:00:00,0.0
2023-02-20 05:00:00,0.0
2023-02-20 06:00:00,43.05
2023-02-20 07:00:00,200.98
2023-02-20 08:00:00,361.9
2023-02-20 09:00:00,524.7
2023-02-20 10:00:00,619.42
2023-02-20 11:00:00,661.85
2023-02-20 12:00:00,573.05
2023-02-20 13:00:00,705.85
2023-02-20 14:00:00,591.58
2023-02-20 15:00:00,428.27
2023-02-20 16:00:00,291.92
2023-02-20 17:00:00,119.88
2023-02-20 18:00:00,5.45
2023-02-20 19:00:00,0.0
2023-02-20 20:00:00,0.0
2023-02-20 21:00:00,0.0
2023-02-20 22:00:00,0.0
2023-02-20 23:00:00,0.0
2023-02-21 00:00:00,0.0
2023-02-21 01:00:00,0.0
2023-02-21 02:00:00,0.0
2023-02-21 03:00:00,0.0
2023-02-21 04:00:00,0.0
2023-02-21 05:00:00,0.0
2023-02-21 06:00:00,71.15
2023-02-21 07:00:00,247.25
2023-02-21 08:00:00,473.17
2023-02-21 09:00:00,653.55
2023-02-21 10:00:00,838.45
2023-02-21 11:00:00,875.5
2023-02-21 12:00:00,1041.2
2023-02-21 13:00:00,942.78
2023-02-21 14:00:00,780.6
2023-02-21 15:00:00,522.2
2023-02-21 16:00:00,294.55
2023-02-21 17:00:00,111.07
2023-02-21 18:00:00,4.15
2023-02-21 19:00:00,0.0
2023-02-21 20:00:00,0.0
2023-02-21 21:00:00,0.0
2023-02-21 22:00:00,0.0
2023-02-21 23:00:00,0.0
2023-02-22 00:00:00,0.0
2023-02-22 01:00:00,0.0
2023-02-22 02:00:00,0.0
2023-02-22 03:00:00,0.0
2023-02-22 04:00:00,0.0
2023-02-22 05:00:00,0.0
2023-02-22 06:00:00,46.95
2023-02-22 07:00:00,152.4
2023-02-22 08:00:00,277.75
2023-02-22 09:00:00,506.05
2023-02-22 10:00:00,671.08
2023-02-22 11:00:00,789.05
2023-02-22 12:00:00,846.5
2023-02-22 13:00:00,595.25
2023-02-22 14:00:00,376.6
2023-02-22 15:00:00,194.38
2023-02-22 16:00:00,156.75
2023-02-22 17:00:00,57.33
2023-02-22 18:00:00,3.05
2023-02-22 19:00:00,0.0
2023-02-22 20:00:00,0.0
2023-02-22 21:00:00,0.0
2023-02-22 22:00:00,0.0
2023-02-22 23:00:00,0.0
2023-02-23 00:00:00,0.0
2023-02-23 01:00:00,0.0
2023-02-23 02:00:00,0.0
2023-02-23 03:00:00,0.0
2023-02-23 04:00:00,0.0
2023-02-23 05:00:00,0.0
2023-02-23 06:00:00,60.95
2023-02-23 07:00:00,225.43
2023-02-23 08:00:00,412.48
2023-02-23 09:00:00,548.55
2023-02-23 10:00:00,670.42
2023-02-23 11:00:00,619.45
2023-02-23 12:00:00,689.28
2023-02-23 13:00:00,634.4
2023-02-23 14:00:00,555.33
2023-02-23 15:00:00,334.45
2023-02-23 16:00:00,182.38
2023-02-23 17:00:00,61.7
2023-02-23 18:00:00,3.08
2023-02-23 19:00:00,0.0
2023-02-23 20:00:00,0.0
2023-02-23 21:00:00,0.0
2023-02-23 22:00:00,0.0
2023-02-23 23:00:00,0.0
2023-02-24 00:00:00,0.0
2023-02-24 01:00:00,0.0
2023-02-24 02:00:00,0.0
2023-02-24 03:00:00,0.0
2023-02-24 04:00:00,0.0
2023-02-24 05:00:00,0.0
2023-02-24 06:00:00,79.18
2023-02-24 07:00:00,274.88
2023-02-24 08:00:00,488.88
2023-02-24 09:00:00,638.03
2023-02-24 10:00:00,714.95
2023-02-24 11:00:00,780.47
2023-02-24 12:00:00,902.6
2023-02-24 13:00:00,700.53
2023-02-24 14:00:00,709.6
2023-02-24 15:00:00,514.88
2023-02-24 16:00:00,309.85
2023-02-24 17:00:00,125.28
2023-02-24 18:00:00,4.18
2023-02-24 19:00:00,0.0
2023-02-24 20:00:00,0.0
2023-02-24 21:00:00,0.0
2023-02-24 22:00:00,0.0
2023-02-24 23:00:00,0.0
2023-02-25 00:00:00,0.0
2023-02-25 01:00:00,0.0
2023-02-25 02:00:00,0.0
2023-02-25 03:00:00,0.0
2023-02-25 04:00:00,0.0
2023-02-25 05:00:00,0.0
2023-02-25 06:00:00,83.78
2023-02-25 07:00:00,295.98
2023-02-25 08:00:00,540.7
2023-02-25 09:00:00,783.38
2023-02-25 10:00:00,907.53
2023-02-25 11:00:00,930.83
2023-02-25 12:00:00,883.45
2023-02-25 13:00:00,717.25
2023-02-25 14:00:00,686.08
2023-02-25 15:00:00,504.12
2023-02-25 16:00:00,304.17
2023-02-25 17:00:00,115.68
2023-02-25 18:00:00,3.7
2023-02-25 19:00:00,0.0
2023-02-25 20:00:00,0.0
2023-02-25 21:00:00,0.0
2023-02-25 22:00:00,0.0
2023-02-25 23:00:00,0.0
2023-02-26 00:00:00,0.0
2023-02-26 01:00:00,0.0
2023-02-26 02:00:00,0.0
2023-02-26 03:00:00,0.0
2023-02-26 04:00:00,0.0
2023-02-26 05:00:00,0.0
2023-02-26 06:00:00,73.4
2023-02-26 07:00:00,303.05
2023-02-26 08:00:00,547.88
2023-02-26 09:00:00,764.33
2023-02-26 10:00:00,918.25
2023-02-26 11:00:00,980.62
2023-02-26 12:00:00,891.38
2023-02-26 13:00:00,813.53
2023-02-26 14:00:00,667.5
2023-02-26 15:00:00,494.1
2023-02-26 16:00:00,294.7
2023-02-26 17:00:00,112.28
2023-02-26 18:00:00,3.47
2023-02-26 19:00:00,0.0
2023-02-26 20:00:00,0.0
2023-02-26 21:00:00,0.0
2023-02-26 22:00:00,0.0
2023-02-26 23:00:00,0.0
2023-02-27 00:00:00,0.0
2023-02-27 01:00:00,0.0
2023-02-27 02:00:00,0.0
2023-02-27 03:00:00,0.0
2023-02-27 04:00:00,0.0
2023-02-27 05:00:00,0.0
2023-02-27 06:00:00,52.0
2023-02-27 07:00:00,203.95
2023-02-27 08:00:00,399.67
2023-02-27 09:00:00,491.05
2023-02-27 10:00:00,593.75
2023-02-27 11:00:00,675.22
2023-02-27 12:00:00,715.38
2023-02-27 13:00:00,775.75
2023-02-27 14:00:00,573.3
2023-02-27 15:00:00,392.35
2023-02-27 16:00:00,219.15
2023-02-27 17:00:00,70.38
2023-02-27 18:00:00,2.38
2023-02-27 19:00:00,0.0
2023-02-27 20:00:00,0.0
2023-02-27 21:00:00,0.0
2023-02-27 22:00:00,0.0
2023-02-27 23:00:00,0.0
2023-02-28 00:00:00,0.0
2023-02-28 01:00:00,0.0
2023-02-28 02:00:00,0.0
2023-02-28 03:00:00,0.0
2023-02-28 04:00:00,0.0
2023-02-28 05:00:00,0.0
2023-02-28 06:00:00,61.92
2023-02-28 07:00:00,207.0
2023-02-28 08:00:00,393.12
2023-02-28 09:00:00,584.62
2023-02-28 10:00:00,796.35
2023-02-28 11:00:00,866.38
2023-02-28 12:00:00,791.9
2023-02-28 13:00:00,629.62
2023-02-28 14:00:00,476.52
2023-02-28 15:00:00,419.42
2023-02-28 16:00:00,253.32
2023-02-28 17:00:00,111.97
2023-02-28 18:00:00,0.0
2023-02-28 19:00:00,0.0
2023-02-28 20:00:00,0.0
2023-02-28 21:00:00,0.0
2023-02-28 22:00:00,0.0
2023-02-28 23:00:00,0.0
